filename,suggested_path,page,asin,go_slug,product_name,source_url,license_basis,alt_text,caption,aspect,width,height,bytes,status,folder,placement,notes
product-asitvo-barefoot.webp,public/images/products/product-asitvo-barefoot.webp,compare,B0D4PX3W6B,asitvo-barefoot,ASITVO Minimalist Barefoot Cross-Trainer,https://www.amazon.com/dp/B0D4PX3W6B,Amazon Associates / Product Advertising image use — product image from Amazon product detail page for affiliate linking to this ASIN; use only while linking to Amazon; StackSpan Associates tag stackspan-20.,ASITVO minimalist barefoot cross-trainer sneaker,Cross-trainer style barefoot shoe — check live listing for your size.,1:1,800,800,91644,existing,compare,pass-1 (PR #37),
product-airhas-workout.webp,public/images/products/product-airhas-workout.webp,compare,B0FNCXRVND,airhas-workout,AIRHAS Barefoot Workout Sneakers,https://www.amazon.com/dp/B0FNCXRVND,Amazon Associates / Product Advertising image use — product image from Amazon product detail page for affiliate linking to this ASIN; use only while linking to Amazon; StackSpan Associates tag stackspan-20.,AIRHAS barefoot workout training sneaker,Barefoot workout trainer — check live listing for your size.,1:1,800,800,92026,existing,compare,pass-1 (PR #37),
product-whitin-barefoot.webp,public/images/products/product-whitin-barefoot.webp,compare,B09MVW4KYZ,whitin-barefoot,WHITIN Barefoot Minimalist Shoes,https://www.amazon.com/dp/B09MVW4KYZ,Amazon Associates / Product Advertising image use — product image from Amazon product detail page for affiliate linking to this ASIN; use only while linking to Amazon; StackSpan Associates tag stackspan-20.,WHITIN barefoot minimalist sneaker,Lightweight barefoot sneaker — check live listing for your size.,1:1,800,800,74848,existing,compare,pass-1 (PR #37),
product-barezoey-wide-barefoot.webp,public/images/products/product-barezoey-wide-barefoot.webp,compare,B0FJRY47TG,barezoey-wide-barefoot,Barezoey Wide Barefoot Shoes,https://www.amazon.com/dp/B0FJRY47TG,Amazon Associates / Product Advertising image use — product image from Amazon product detail page for affiliate linking to this ASIN; use only while linking to Amazon; StackSpan Associates tag stackspan-20.,Barezoey wide zero-drop barefoot sneaker,Wide zero-drop marketplace trainer — check live listing for your size.,1:1,800,800,59998,existing,compare,pass-1 (PR #37),
product-ubfen-minimalist-barefoot.webp,public/images/products/product-ubfen-minimalist-barefoot.webp,compare,B0DTHJMK7P,ubfen-minimalist-barefoot,UBFEN Minimalist Barefoot Shoes,https://www.amazon.com/dp/B0DTHJMK7P,Amazon Associates / Product Advertising image use — product image from Amazon product detail page for affiliate linking to this ASIN; use only while linking to Amazon; StackSpan Associates tag stackspan-20.,UBFEN minimalist barefoot sneaker,Everyday minimalist barefoot trainer — check live listing for your size.,1:1,800,800,77418,existing,compare,pass-1 (PR #37),
product-joomra-trail-barefoot.webp,public/images/products/product-joomra-trail-barefoot.webp,compare,B08J6QN1NF,joomra-trail-barefoot,Joomra Trail Barefoot Shoes,https://www.amazon.com/dp/B08J6QN1NF,Amazon Associates / Product Advertising image use — product image from Amazon product detail page for affiliate linking to this ASIN; use only while linking to Amazon; StackSpan Associates tag stackspan-20.,Joomra trail barefoot minimalist shoe,Trail-ready minimalist shoe — check live listing for your size.,1:1,800,800,74770,existing,compare,pass-1 (PR #37),
product-xero-prio.webp,public/images/products/product-xero-prio.webp,compare,B0F49KZ6XQ,xero-prio,Xero Shoes Prio,https://www.amazon.com/dp/B0F49KZ6XQ,Amazon Associates / Product Advertising image use — product image from Amazon product detail page for affiliate linking to this ASIN; use only while linking to Amazon; StackSpan Associates tag stackspan-20.,Xero Shoes Prio barefoot training shoe,Classic barefoot training shoe — check live listing for your size.,1:1,800,800,102290,existing,compare,pass-1 (PR #37),
product-xero-xt-max.webp,public/images/products/product-xero-xt-max.webp,compare,B0GL59H2TL,xero-xt-max,Xero Shoes XT Max,https://www.amazon.com/dp/B0GL59H2TL,Amazon Associates / Product Advertising image use — product image from Amazon product detail page for affiliate linking to this ASIN; use only while linking to Amazon; StackSpan Associates tag stackspan-20.,Xero Shoes XT Max barefoot training shoe,Max-cushion barefoot trainer — check live listing for your size.,1:1,800,800,52544,existing,compare,pass-1 (PR #37),
product-xero-x1-low.webp,public/images/products/product-xero-x1-low.webp,compare,B0H474GHMR,xero-x1-low,Xero Shoes X1 Low,https://www.amazon.com/dp/B0H474GHMR,Amazon Associates / Product Advertising image use — product image from Amazon product detail page for affiliate linking to this ASIN; use only while linking to Amazon; StackSpan Associates tag stackspan-20.,Xero Shoes X1 Low barefoot training shoe,Low-cut barefoot training shoe — check live listing for your size.,1:1,800,800,73322,existing,compare,pass-1 (PR #37),
product-xero-x1-mid.webp,public/images/products/product-xero-x1-mid.webp,compare,B0F5X98KVK,xero-x1-mid,Xero Shoes X1 Mid,https://www.amazon.com/dp/B0F5X98KVK,Amazon Associates / Product Advertising image use — product image from Amazon product detail page for affiliate linking to this ASIN; use only while linking to Amazon; StackSpan Associates tag stackspan-20.,Xero Shoes X1 Mid barefoot training shoe,Mid-cut barefoot training shoe — check live listing for your size.,1:1,800,800,84668,existing,compare,pass-1 (PR #37),
product-vivobarefoot-motus.webp,public/images/products/product-vivobarefoot-motus.webp,compare,B09C5V8CVG,vivobarefoot,Vivobarefoot Motus Strength,https://www.amazon.com/dp/B09C5V8CVG,Amazon Associates / Product Advertising image use — product image from Amazon product detail page for affiliate linking to this ASIN; use only while linking to Amazon; StackSpan Associates tag stackspan-20.,Vivobarefoot Motus Strength zero-drop training shoe,Zero-drop stability trainer — check live listing for your size.,1:1,800,800,48816,existing,compare,pass-1 (PR #37),
product-versadesk-powerpro.webp,public/images/products/product-versadesk-powerpro.webp,standing-desk,B08KJHT7V5,versadesk-powerpro,VersaDesk PowerPro Standing Desk Converter,https://www.amazon.com/dp/B08KJHT7V5,Amazon Associates / Product Advertising image use — product image from Amazon product detail page for affiliate linking to this ASIN; use only while linking to Amazon; StackSpan Associates tag stackspan-20.,VersaDesk PowerPro standing desk converter,Sit-stand desk converter — check live listing for specs and size.,4:3,800,600,27308,existing,standing-desk,pass-1 (PR #37),
product-mount-it-converter.webp,public/images/products/product-mount-it-converter.webp,standing-desk,B08PDQ18Q8,mount-it-converter,Mount-It Standing Desk Converter,https://www.amazon.com/dp/B08PDQ18Q8,Amazon Associates / Product Advertising image use — product image from Amazon product detail page for affiliate linking to this ASIN; use only while linking to Amazon; StackSpan Associates tag stackspan-20.,Mount-It sit-stand desk converter,Desktop standing desk converter — check live listing for specs.,4:3,800,600,36024,existing,standing-desk,pass-1 (PR #37),
product-cubii-jr1.webp,public/images/products/product-cubii-jr1.webp,standing-desk,B074F1S194,cubii-jr1,Cubii JR1 Under Desk Elliptical,https://www.amazon.com/dp/B074F1S194,Amazon Associates / Product Advertising image use — product image from Amazon product detail page for affiliate linking to this ASIN; use only while linking to Amazon; StackSpan Associates tag stackspan-20.,Cubii JR1 under-desk elliptical,Seated under-desk elliptical — check live listing for details.,4:3,800,600,22198,existing,standing-desk,pass-1 (PR #37),
product-walking-pad.webp,public/images/products/product-walking-pad.webp,standing-desk,B0GTYY2FLL,walking-pad,Under Desk Walking Pad Treadmill,https://www.amazon.com/dp/B0GTYY2FLL,Amazon Associates / Product Advertising image use — product image from Amazon product detail page for affiliate linking to this ASIN; use only while linking to Amazon; StackSpan Associates tag stackspan-20.,Under-desk walking pad treadmill,Compact under-desk walking pad — check live listing for specs.,4:3,800,600,70672,existing,standing-desk,pass-1 (PR #37),
product-toe-spacers-gel.webp,public/images/products/product-toe-spacers-gel.webp,toe-spacers,B0BZH8CTVD,toe-spacers,Welnove Gel Toe Separators,https://www.amazon.com/dp/B0BZH8CTVD,Amazon Associates / Product Advertising image use — product image from Amazon product detail page for affiliate linking to this ASIN; use only while linking to Amazon; StackSpan Associates tag stackspan-20.,Gel toe spacer separator pack,Soft gel toe separators — check live listing for pack size.,1:1,800,800,22284,existing,toe-spacers,pass-1 (PR #37),
product-yogatoes-gems.webp,public/images/products/product-yogatoes-gems.webp,toe-spacers,B004HE94SE,yogatoes-gems,YogaToes GEMS Toe Stretcher,https://www.amazon.com/dp/B004HE94SE,Amazon Associates / Product Advertising image use — product image from Amazon product detail page for affiliate linking to this ASIN; use only while linking to Amazon; StackSpan Associates tag stackspan-20.,YogaToes GEMS toe stretcher spacer,Reusable toe stretcher — check live listing for size options.,1:1,800,800,44470,existing,toe-spacers,pass-1 (PR #37),
product-toe-spacers-gel-2.webp,public/images/products/product-toe-spacers-gel-2.webp,toe-spacers,B07M5C72VQ,toe-spacers-2,Gel Toe Separators Corrector Pack,https://www.amazon.com/dp/B07M5C72VQ,Amazon Associates / Product Advertising image use — product image from Amazon product detail page for affiliate linking to this ASIN; use only while linking to Amazon; StackSpan Associates tag stackspan-20.,Gel toe separator corrector pack,Alternate gel toe separator pack — check live listing for details.,1:1,800,800,21506,existing,toe-spacers,pass-1 (PR #37),
product-xero-prio.webp,public/images/products/product-xero-prio.webp,/bunions/,B0F49KZ6XQ,xero-prio,Xero Shoes Prio,https://www.amazon.com/dp/B0F49KZ6XQ,Amazon Associates / Product Advertising image use — product image from Amazon product detail page for affiliate linking to this ASIN; use only while linking to Amazon; StackSpan Associates tag stackspan-20.,Xero Shoes Prio barefoot training shoe,Classic barefoot training shoe — check live listing for your size.,1:1,800,800,102290,skipped,compare,"no slot, text only","Asset available but not placed (no slot, text only): CTA card A: bare .btn (UX: no .card-media on page)"
product-whitin-barefoot.webp,public/images/products/product-whitin-barefoot.webp,/bunions/,B09MVW4KYZ,whitin-barefoot,WHITIN Barefoot Minimalist Shoes,https://www.amazon.com/dp/B09MVW4KYZ,Amazon Associates / Product Advertising image use — product image from Amazon product detail page for affiliate linking to this ASIN; use only while linking to Amazon; StackSpan Associates tag stackspan-20.,WHITIN barefoot minimalist sneaker,Lightweight barefoot sneaker — check live listing for your size.,1:1,800,800,74848,skipped,compare,"no slot, text only","Asset available but not placed (no slot, text only): CTA card A: bare .btn-secondary"
product-asitvo-barefoot.webp,public/images/products/product-asitvo-barefoot.webp,/bunions/,B0D4PX3W6B,asitvo-barefoot,ASITVO Minimalist Barefoot Cross-Trainer,https://www.amazon.com/dp/B0D4PX3W6B,Amazon Associates / Product Advertising image use — product image from Amazon product detail page for affiliate linking to this ASIN; use only while linking to Amazon; StackSpan Associates tag stackspan-20.,ASITVO minimalist barefoot cross-trainer sneaker,Cross-trainer style barefoot shoe — check live listing for your size.,1:1,800,800,91644,skipped,compare,"no slot, text only","Asset available but not placed (no slot, text only): CTA card A: bare .btn-secondary"
product-toe-spacers-gel.webp,public/images/products/product-toe-spacers-gel.webp,/bunions/,B0BZH8CTVD,toe-spacers,Welnove Gel Toe Separators,https://www.amazon.com/dp/B0BZH8CTVD,Amazon Associates / Product Advertising image use — product image from Amazon product detail page for affiliate linking to this ASIN; use only while linking to Amazon; StackSpan Associates tag stackspan-20.,Gel toe spacer separator pack,Soft gel toe separators — check live listing for pack size.,1:1,800,800,22284,skipped,toe-spacers,"no slot, text only","Asset available but not placed (no slot, text only): CTA card B: bare .btn-secondary"
product-yogatoes-gems.webp,public/images/products/product-yogatoes-gems.webp,/bunions/,B004HE94SE,yogatoes-gems,YogaToes GEMS Toe Stretcher,https://www.amazon.com/dp/B004HE94SE,Amazon Associates / Product Advertising image use — product image from Amazon product detail page for affiliate linking to this ASIN; use only while linking to Amazon; StackSpan Associates tag stackspan-20.,YogaToes GEMS toe stretcher spacer,Reusable toe stretcher — check live listing for size options.,1:1,800,800,44470,skipped,toe-spacers,"no slot, text only","Asset available but not placed (no slot, text only): CTA card B: bare .btn-secondary"
product-theraflow.webp,public/images/products/foot-tools/product-theraflow.webp,/bunions/,B00SMJIYNG,theraflow,TheraFlow Wooden Dual Foot Roller,https://www.amazon.com/dp/B00SMJIYNG,Amazon Associates / Product Advertising image use — product image from Amazon product detail page for affiliate linking to this ASIN; use only while linking to Amazon; StackSpan Associates tag stackspan-20.,"TheraFlow wooden foot roller board, top view",Seated wooden rolling board. Check the live listing for size.,1:1,800,800,34604,skipped,foot-tools,"no slot, text only","Asset available but not placed (no slot, text only): CTA card B: bare .btn-secondary"
product-foot-roller.webp,public/images/products/foot-tools/product-foot-roller.webp,/bunions/,B0F4315KRZ,foot-roller,"Foot Massager Roller (spiked, portable)",https://www.amazon.com/dp/B0F4315KRZ,Amazon Associates / Product Advertising image use — product image from Amazon product detail page for affiliate linking to this ASIN; use only while linking to Amazon; StackSpan Associates tag stackspan-20.,Black spiked foot massage roller,Compact spiked roller. Check the live listing for size.,1:1,800,800,17604,skipped,foot-tools,"no slot, text only","Asset available but not placed (no slot, text only): CTA card B: bare .btn-secondary"
product-xero-z-trail-ev.webp,public/images/products/shoes/product-xero-z-trail-ev.webp,/minimalist-shoes/trail-compare/,B0GL4LMTWP,xero-z-trail-ev,Xero Shoes Men's Z-Trail EV Hiking Sandal,https://www.amazon.com/dp/B0GL4LMTWP,Amazon Associates / Product Advertising image use — product image from Amazon product detail page for affiliate linking to this ASIN; use only while linking to Amazon; StackSpan Associates tag stackspan-20.,"Xero Shoes Z-Trail EV hiking sandal, side view",Strap sport sandal with a lug outsole. Check the live listing for your size.,1:1,800,800,21112,new,shoes,.card-media thumb + table thumb,Trail card/row 1 Downloaded from Amazon image m.media-amazon.com/images/I/61vUkDNTviL.
product-xero-xt-max.webp,public/images/products/product-xero-xt-max.webp,/minimalist-shoes/trail-compare/,B0GL59H2TL,xero-xt-max,Xero Shoes XT Max,https://www.amazon.com/dp/B0GL59H2TL,Amazon Associates / Product Advertising image use — product image from Amazon product detail page for affiliate linking to this ASIN; use only while linking to Amazon; StackSpan Associates tag stackspan-20.,Xero Shoes XT Max barefoot training shoe,Max-cushion barefoot trainer — check live listing for your size.,1:1,800,800,52544,reused,compare,.card-media thumb + table thumb,Trail card/row 2
product-altra-lone-peak-9.webp,public/images/products/shoes/product-altra-lone-peak-9.webp,/minimalist-shoes/trail-compare/,B0D482BLD4,altra-lone-peak-9,ALTRA Men's Lone Peak 9 Trail Running Shoe,https://www.amazon.com/dp/B0D482BLD4,Amazon Associates / Product Advertising image use — product image from Amazon product detail page for affiliate linking to this ASIN; use only while linking to Amazon; StackSpan Associates tag stackspan-20.,"Altra Lone Peak 9 trail running shoe, side view",Trail shoe with a lugged outsole. Check the live listing for your size.,1:1,800,800,13886,new,shoes,.card-media thumb + table thumb,Trail card/row 3 Downloaded from Amazon image m.media-amazon.com/images/I/61IC2+Dd6RL.
product-hike-canyon.webp,public/images/products/shoes/product-hike-canyon.webp,/minimalist-shoes/trail-compare/,B0G4VQF4WK,hike-canyon,Hike Footwear Canyon Trail Barefoot Hiking Shoe,https://www.amazon.com/dp/B0G4VQF4WK,Amazon Associates / Product Advertising image use — product image from Amazon product detail page for affiliate linking to this ASIN; use only while linking to Amazon; StackSpan Associates tag stackspan-20.,"Hike Canyon trail barefoot hiking shoe, brown",Mid-cut trail shoe in three colors. Check the live listing for your size.,1:1,800,800,66850,new,shoes,.card-media thumb + table thumb,Trail card/row 4 Downloaded from Amazon image m.media-amazon.com/images/I/81Bv4Qx7OjL.
product-xero-prio.webp,public/images/products/product-xero-prio.webp,/minimalist-shoes/trail-compare/,B0F49KZ6XQ,xero-prio,Xero Shoes Prio,https://www.amazon.com/dp/B0F49KZ6XQ,Amazon Associates / Product Advertising image use — product image from Amazon product detail page for affiliate linking to this ASIN; use only while linking to Amazon; StackSpan Associates tag stackspan-20.,Xero Shoes Prio barefoot training shoe,Classic barefoot training shoe — check live listing for your size.,1:1,800,800,102290,reused,compare,.card-media thumb + table thumb,Gym card/row 5
product-asitvo-barefoot.webp,public/images/products/product-asitvo-barefoot.webp,/minimalist-shoes/trail-compare/,B0D4PX3W6B,asitvo-barefoot,ASITVO Minimalist Barefoot Cross-Trainer,https://www.amazon.com/dp/B0D4PX3W6B,Amazon Associates / Product Advertising image use — product image from Amazon product detail page for affiliate linking to this ASIN; use only while linking to Amazon; StackSpan Associates tag stackspan-20.,ASITVO minimalist barefoot cross-trainer sneaker,Cross-trainer style barefoot shoe — check live listing for your size.,1:1,800,800,91644,reused,compare,.card-media thumb + table thumb,Gym card/row 6
product-whitin-barefoot.webp,public/images/products/product-whitin-barefoot.webp,/minimalist-shoes/trail-compare/,B09MVW4KYZ,whitin-barefoot,WHITIN Barefoot Minimalist Shoes,https://www.amazon.com/dp/B09MVW4KYZ,Amazon Associates / Product Advertising image use — product image from Amazon product detail page for affiliate linking to this ASIN; use only while linking to Amazon; StackSpan Associates tag stackspan-20.,WHITIN barefoot minimalist sneaker,Lightweight barefoot sneaker — check live listing for your size.,1:1,800,800,74848,reused,compare,.card-media thumb + table thumb,Gym card/row 7
product-xero-prio.webp,public/images/products/product-xero-prio.webp,/minimalist-shoes/by-use/,B0F49KZ6XQ,xero-prio,Xero Shoes Prio,https://www.amazon.com/dp/B0F49KZ6XQ,Amazon Associates / Product Advertising image use — product image from Amazon product detail page for affiliate linking to this ASIN; use only while linking to Amazon; StackSpan Associates tag stackspan-20.,Xero Shoes Prio barefoot training shoe,Classic barefoot training shoe — check live listing for your size.,1:1,800,800,102290,reused,compare,.card-media (section primary),#standing-desk primary .btn
product-asitvo-barefoot.webp,public/images/products/product-asitvo-barefoot.webp,/minimalist-shoes/by-use/,B0D4PX3W6B,asitvo-barefoot,ASITVO Minimalist Barefoot Cross-Trainer,https://www.amazon.com/dp/B0D4PX3W6B,Amazon Associates / Product Advertising image use — product image from Amazon product detail page for affiliate linking to this ASIN; use only while linking to Amazon; StackSpan Associates tag stackspan-20.,ASITVO minimalist barefoot cross-trainer sneaker,Cross-trainer style barefoot shoe — check live listing for your size.,1:1,800,800,91644,skipped,compare,"no slot, text only","Asset available but not placed (no slot, text only): #standing-desk secondary button"
product-whitin-barefoot.webp,public/images/products/product-whitin-barefoot.webp,/minimalist-shoes/by-use/,B09MVW4KYZ,whitin-barefoot,WHITIN Barefoot Minimalist Shoes,https://www.amazon.com/dp/B09MVW4KYZ,Amazon Associates / Product Advertising image use — product image from Amazon product detail page for affiliate linking to this ASIN; use only while linking to Amazon; StackSpan Associates tag stackspan-20.,WHITIN barefoot minimalist sneaker,Lightweight barefoot sneaker — check live listing for your size.,1:1,800,800,74848,skipped,compare,"no slot, text only","Asset available but not placed (no slot, text only): #standing-desk secondary button"
product-vivobarefoot-motus.webp,public/images/products/product-vivobarefoot-motus.webp,/minimalist-shoes/by-use/,B09C5V8CVG,vivobarefoot,Vivobarefoot Motus Strength,https://www.amazon.com/dp/B09C5V8CVG,Amazon Associates / Product Advertising image use — product image from Amazon product detail page for affiliate linking to this ASIN; use only while linking to Amazon; StackSpan Associates tag stackspan-20.,Vivobarefoot Motus Strength zero-drop training shoe,Zero-drop stability trainer — check live listing for your size.,1:1,800,800,48816,reused,compare,.card-media (section primary),#gym primary .btn
product-xero-xt-max.webp,public/images/products/product-xero-xt-max.webp,/minimalist-shoes/by-use/,B0GL59H2TL,xero-xt-max,Xero Shoes XT Max,https://www.amazon.com/dp/B0GL59H2TL,Amazon Associates / Product Advertising image use — product image from Amazon product detail page for affiliate linking to this ASIN; use only while linking to Amazon; StackSpan Associates tag stackspan-20.,Xero Shoes XT Max barefoot training shoe,Max-cushion barefoot trainer — check live listing for your size.,1:1,800,800,52544,skipped,compare,"no slot, text only","Asset available but not placed (no slot, text only): #gym secondary button"
product-airhas-workout.webp,public/images/products/product-airhas-workout.webp,/minimalist-shoes/by-use/,B0FNCXRVND,airhas-workout,AIRHAS Barefoot Workout Sneakers,https://www.amazon.com/dp/B0FNCXRVND,Amazon Associates / Product Advertising image use — product image from Amazon product detail page for affiliate linking to this ASIN; use only while linking to Amazon; StackSpan Associates tag stackspan-20.,AIRHAS barefoot workout training sneaker,Barefoot workout trainer — check live listing for your size.,1:1,800,800,92026,skipped,compare,"no slot, text only","Asset available but not placed (no slot, text only): #gym secondary button"
product-wolf-sandbag-100.webp,public/images/products/sandbags/product-wolf-sandbag-100.webp,/minimalist-shoes/by-use/,B0C3SDVHP7,wolf-sandbag-100,WOLF Tactical Soft Sandbag (100 lb),https://www.amazon.com/dp/B0C3SDVHP7,Amazon Associates / Product Advertising image use — product image from Amazon product detail page for affiliate linking to this ASIN; use only while linking to Amazon; StackSpan Associates tag stackspan-20.,"WOLF Tactical soft sandbag, 100 lb","Soft-style bag, sand not included. Check the live listing for fill options.",1:1,800,800,106652,new,sandbags,.card-media (sandbag thumb),#sandbag: only visual in section Downloaded from Amazon image m.media-amazon.com/images/I/91y2sYxdmgL.
product-wolf-sandbag-150.webp,public/images/products/sandbags/product-wolf-sandbag-150.webp,/minimalist-shoes/by-use/,B0C3SDCX3J,wolf-sandbag-150,WOLF Tactical Soft Sandbag (150 lb),https://www.amazon.com/dp/B0C3SDCX3J,Amazon Associates / Product Advertising image use — product image from Amazon product detail page for affiliate linking to this ASIN; use only while linking to Amazon; StackSpan Associates tag stackspan-20.,"WOLF Tactical soft sandbag, 150 lb","Larger soft-style bag, sand not included. Check the live listing for fill options.",1:1,800,800,99642,skipped,sandbags,"no slot, text only","Asset available but not placed (no slot, text only): #sandbag: UX allows only one sandbag thumb; file ready if swapped"
product-altra-lone-peak-9.webp,public/images/products/shoes/product-altra-lone-peak-9.webp,/minimalist-shoes/by-use/,B0D482BLD4,altra-lone-peak-9,ALTRA Men's Lone Peak 9 Trail Running Shoe,https://www.amazon.com/dp/B0D482BLD4,Amazon Associates / Product Advertising image use — product image from Amazon product detail page for affiliate linking to this ASIN; use only while linking to Amazon; StackSpan Associates tag stackspan-20.,"Altra Lone Peak 9 trail running shoe, side view",Trail shoe with a lugged outsole. Check the live listing for your size.,1:1,800,800,13886,reused,shoes,.card-media (section primary),#trail primary .btn
product-hike-canyon.webp,public/images/products/shoes/product-hike-canyon.webp,/minimalist-shoes/by-use/,B0G4VQF4WK,hike-canyon,Hike Footwear Canyon Trail Barefoot Hiking Shoe,https://www.amazon.com/dp/B0G4VQF4WK,Amazon Associates / Product Advertising image use — product image from Amazon product detail page for affiliate linking to this ASIN; use only while linking to Amazon; StackSpan Associates tag stackspan-20.,"Hike Canyon trail barefoot hiking shoe, brown",Mid-cut trail shoe in three colors. Check the live listing for your size.,1:1,800,800,66850,skipped,shoes,"no slot, text only","Asset available but not placed (no slot, text only): #trail secondary button"
product-pelluva-strand.webp,public/images/products/shoes/product-pelluva-strand.webp,/minimalist-shoes/by-use/,B0F7JXDL2P,pelluva-strand,Peluva Strand ATR Men's 5-Toe Trail Shoe,https://www.amazon.com/dp/B0F7JXDL2P,Amazon Associates / Product Advertising image use — product image from Amazon product detail page for affiliate linking to this ASIN; use only while linking to Amazon; StackSpan Associates tag stackspan-20.,"Peluva Strand ATR five-toe trail shoe, side view",Five-toe trail shoe. Check the live listing and size guide.,1:1,800,800,21966,skipped,shoes,"no slot, text only","Asset available but not placed (no slot, text only): #trail secondary button; file ready"
product-vibram-fivefingers.webp,public/images/products/shoes/product-vibram-fivefingers.webp,/minimalist-shoes/by-use/,B0BV3F94S6,vibram-fivefingers,Vibram FiveFingers V-Run Men's Shoe,https://www.amazon.com/dp/B0BV3F94S6,Amazon Associates / Product Advertising image use — product image from Amazon product detail page for affiliate linking to this ASIN; use only while linking to Amazon; StackSpan Associates tag stackspan-20.,"Vibram FiveFingers V-Run five-toe shoe, side view",Five-toe road shoe. Check the live listing for sizing.,1:1,800,800,22950,skipped,shoes,"no slot, text only","Asset available but not placed (no slot, text only): #trail secondary button"
product-vivobarefoot-gobi.webp,public/images/products/shoes/product-vivobarefoot-gobi.webp,/minimalist-shoes/by-use/,B09DBHQWN2,vivobarefoot-gobi,Vivobarefoot Men's Gobi II Leather Sneaker,https://www.amazon.com/dp/B09DBHQWN2,Amazon Associates / Product Advertising image use — product image from Amazon product detail page for affiliate linking to this ASIN; use only while linking to Amazon; StackSpan Associates tag stackspan-20.,"Vivobarefoot Gobi II leather sneaker, black",Leather lifestyle sneaker. Check the live listing for color and size.,1:1,800,800,14456,new,shoes,.card-media (section primary),#casual primary .btn Downloaded from Amazon image m.media-amazon.com/images/I/51S1y6lt+9L.
product-hobibear-leather.webp,public/images/products/shoes/product-hobibear-leather.webp,/minimalist-shoes/by-use/,B0FRMK1M4G,hobibear-leather,HOBIBEAR Leather Barefoot Boot,https://www.amazon.com/dp/B0FRMK1M4G,Amazon Associates / Product Advertising image use — product image from Amazon product detail page for affiliate linking to this ASIN; use only while linking to Amazon; StackSpan Associates tag stackspan-20.,HOBIBEAR black leather barefoot boot,Leather high-top boot. Check the live listing for width and size.,1:1,800,800,20948,skipped,shoes,"no slot, text only","Asset available but not placed (no slot, text only): #casual secondary button; file ready"
product-xero-z-trail-ev.webp,public/images/products/shoes/product-xero-z-trail-ev.webp,/minimalist-shoes/by-use/,B0GL4LMTWP,xero-z-trail-ev,Xero Shoes Men's Z-Trail EV Hiking Sandal,https://www.amazon.com/dp/B0GL4LMTWP,Amazon Associates / Product Advertising image use — product image from Amazon product detail page for affiliate linking to this ASIN; use only while linking to Amazon; StackSpan Associates tag stackspan-20.,"Xero Shoes Z-Trail EV hiking sandal, side view",Strap sport sandal with a lug outsole. Check the live listing for your size.,1:1,800,800,21112,reused,shoes,.card-media (section primary),#water primary .btn
product-bulliant-slipper.webp,public/images/products/shoes/product-bulliant-slipper.webp,/minimalist-shoes/by-use/,B0D797LP6V,bulliant-slipper,BULLIANT Men's Grip Sock Slipper / Water Shoe,https://www.amazon.com/dp/B0D797LP6V,Amazon Associates / Product Advertising image use — product image from Amazon product detail page for affiliate linking to this ASIN; use only while linking to Amazon; StackSpan Associates tag stackspan-20.,"BULLIANT sock-style water shoe, black",Sock-style shoe with a rubber sole. Check the live listing for your size.,1:1,800,800,56356,skipped,shoes,"no slot, text only","Asset available but not placed (no slot, text only): #water secondary button; file ready"
product-kung-fu-shoes.webp,public/images/products/shoes/product-kung-fu-shoes.webp,/minimalist-shoes/by-use/,B089WJX7LD,kung-fu-shoes,T.O.P ONE Kung Fu Martial Arts Sneakers,https://www.amazon.com/dp/B089WJX7LD,Amazon Associates / Product Advertising image use — product image from Amazon product detail page for affiliate linking to this ASIN; use only while linking to Amazon; StackSpan Associates tag stackspan-20.,White canvas kung fu sneakers with red and blue stripes,Thin-sole canvas sneaker. Check the live listing for size charts.,1:1,800,800,31482,new,shoes,.card-media (section primary),#movement: only product in section Downloaded from Amazon image m.media-amazon.com/images/I/713Y8GOab3L.
product-asitvo-barefoot.webp,public/images/products/product-asitvo-barefoot.webp,/minimalist-shoes/beginner/,B0D4PX3W6B,asitvo-barefoot,ASITVO Minimalist Barefoot Cross-Trainer,https://www.amazon.com/dp/B0D4PX3W6B,Amazon Associates / Product Advertising image use — product image from Amazon product detail page for affiliate linking to this ASIN; use only while linking to Amazon; StackSpan Associates tag stackspan-20.,ASITVO minimalist barefoot cross-trainer sneaker,Cross-trainer style barefoot shoe — check live listing for your size.,1:1,800,800,91644,reused,compare,.card-media (shortlist card),Card 1 primary .btn
product-whitin-barefoot.webp,public/images/products/product-whitin-barefoot.webp,/minimalist-shoes/beginner/,B09MVW4KYZ,whitin-barefoot,WHITIN Barefoot Minimalist Shoes,https://www.amazon.com/dp/B09MVW4KYZ,Amazon Associates / Product Advertising image use — product image from Amazon product detail page for affiliate linking to this ASIN; use only while linking to Amazon; StackSpan Associates tag stackspan-20.,WHITIN barefoot minimalist sneaker,Lightweight barefoot sneaker — check live listing for your size.,1:1,800,800,74848,skipped,compare,"no slot, text only","Asset available but not placed (no slot, text only): Card 1 secondary button (one visual per card)"
product-xero-prio.webp,public/images/products/product-xero-prio.webp,/minimalist-shoes/beginner/,B0F49KZ6XQ,xero-prio,Xero Shoes Prio,https://www.amazon.com/dp/B0F49KZ6XQ,Amazon Associates / Product Advertising image use — product image from Amazon product detail page for affiliate linking to this ASIN; use only while linking to Amazon; StackSpan Associates tag stackspan-20.,Xero Shoes Prio barefoot training shoe,Classic barefoot training shoe — check live listing for your size.,1:1,800,800,102290,reused,compare,.card-media (shortlist card),Card 2
product-vivobarefoot-motus.webp,public/images/products/product-vivobarefoot-motus.webp,/minimalist-shoes/beginner/,B09C5V8CVG,vivobarefoot,Vivobarefoot Motus Strength,https://www.amazon.com/dp/B09C5V8CVG,Amazon Associates / Product Advertising image use — product image from Amazon product detail page for affiliate linking to this ASIN; use only while linking to Amazon; StackSpan Associates tag stackspan-20.,Vivobarefoot Motus Strength zero-drop training shoe,Zero-drop stability trainer — check live listing for your size.,1:1,800,800,48816,reused,compare,.card-media (shortlist card),Card 3 first button
product-xero-xt-max.webp,public/images/products/product-xero-xt-max.webp,/minimalist-shoes/beginner/,B0GL59H2TL,xero-xt-max,Xero Shoes XT Max,https://www.amazon.com/dp/B0GL59H2TL,Amazon Associates / Product Advertising image use — product image from Amazon product detail page for affiliate linking to this ASIN; use only while linking to Amazon; StackSpan Associates tag stackspan-20.,Xero Shoes XT Max barefoot training shoe,Max-cushion barefoot trainer — check live listing for your size.,1:1,800,800,52544,skipped,compare,"no slot, text only","Asset available but not placed (no slot, text only): Card 3 second button (one visual per card)"
product-vibram-fivefingers.webp,public/images/products/shoes/product-vibram-fivefingers.webp,/minimalist-shoes/beginner/,B0BV3F94S6,vibram-fivefingers,Vibram FiveFingers V-Run Men's Shoe,https://www.amazon.com/dp/B0BV3F94S6,Amazon Associates / Product Advertising image use — product image from Amazon product detail page for affiliate linking to this ASIN; use only while linking to Amazon; StackSpan Associates tag stackspan-20.,"Vibram FiveFingers V-Run five-toe shoe, side view",Five-toe road shoe. Check the live listing for sizing.,1:1,800,800,22950,new,shoes,.card-media (shortlist card),Card 4 (5-toe niche) Downloaded from Amazon image m.media-amazon.com/images/I/61tSl2+wUjL.
product-theraflow.webp,public/images/products/foot-tools/product-theraflow.webp,/foot-care/fascia-tools/,B00SMJIYNG,theraflow,TheraFlow Wooden Dual Foot Roller,https://www.amazon.com/dp/B00SMJIYNG,Amazon Associates / Product Advertising image use — product image from Amazon product detail page for affiliate linking to this ASIN; use only while linking to Amazon; StackSpan Associates tag stackspan-20.,"TheraFlow wooden foot roller board, top view",Seated wooden rolling board. Check the live listing for size.,1:1,800,800,34604,new,foot-tools,table thumb,Row 1 Downloaded from Amazon image m.media-amazon.com/images/I/71FrxV4KWPL.
product-foot-roller.webp,public/images/products/foot-tools/product-foot-roller.webp,/foot-care/fascia-tools/,B0F4315KRZ,foot-roller,"Foot Massager Roller (spiked, portable)",https://www.amazon.com/dp/B0F4315KRZ,Amazon Associates / Product Advertising image use — product image from Amazon product detail page for affiliate linking to this ASIN; use only while linking to Amazon; StackSpan Associates tag stackspan-20.,Black spiked foot massage roller,Compact spiked roller. Check the live listing for size.,1:1,800,800,17604,new,foot-tools,table thumb,Row 2 Downloaded from Amazon image m.media-amazon.com/images/I/61qozpYkUUL.
product-vibit-massager.webp,public/images/products/foot-tools/product-vibit-massager.webp,/foot-care/fascia-tools/,B0CN9NP52J,vibit-massager,Vibit Vibrating Foot Massager Roller,https://www.amazon.com/dp/B0CN9NP52J,Amazon Associates / Product Advertising image use — product image from Amazon product detail page for affiliate linking to this ASIN; use only while linking to Amazon; StackSpan Associates tag stackspan-20.,Vibit vibrating foot massage roller,Powered roller with vibration settings. Check the live listing for details.,1:1,800,800,13976,new,foot-tools,table thumb,Row 3 Downloaded from Amazon image m.media-amazon.com/images/I/71X5L2U67nL.
product-beskar-massage.webp,public/images/products/foot-tools/product-beskar-massage.webp,/foot-care/fascia-tools/,B0C23X74J6,beskar-massage,BESKAR Portable Foot Massager Roller,https://www.amazon.com/dp/B0C23X74J6,Amazon Associates / Product Advertising image use — product image from Amazon product detail page for affiliate linking to this ASIN; use only while linking to Amazon; StackSpan Associates tag stackspan-20.,BESKAR spiked foot massage roller,Portable spiked roller. Check the live listing for size.,1:1,800,800,21674,new,foot-tools,table thumb,Row 4 Downloaded from Amazon image m.media-amazon.com/images/I/61emUanBoJL.
product-lacrosse-balls.webp,public/images/products/foot-tools/product-lacrosse-balls.webp,/foot-care/fascia-tools/,B07SV56Z4X,lacrosse-balls,Velocity Practice Lacrosse Balls,https://www.amazon.com/dp/B07SV56Z4X,Amazon Associates / Product Advertising image use — product image from Amazon product detail page for affiliate linking to this ASIN; use only while linking to Amazon; StackSpan Associates tag stackspan-20.,Velocity orange lacrosse ball,"Firm rubber ball, sold in multi-packs. Check the live listing for pack size and colors.",1:1,800,800,14500,new,foot-tools,table thumb,Row 5 Downloaded from Amazon image m.media-amazon.com/images/I/61bIeLmJyaL.
product-ice-foot-roller.webp,public/images/products/foot-tools/product-ice-foot-roller.webp,/foot-care/fascia-tools/,B0H2VSTWF2,ice-foot-roller,3-in-1 Interchangeable Icing Foot Roller,https://www.amazon.com/dp/B0H2VSTWF2,Amazon Associates / Product Advertising image use — product image from Amazon product detail page for affiliate linking to this ASIN; use only while linking to Amazon; StackSpan Associates tag stackspan-20.,Ice foot roller with stand and two roller sleeves,Cold roller with swap-in sleeves. Check the live listing for what is included.,1:1,800,800,50654,new,foot-tools,table thumb,Row 6 Downloaded from Amazon image m.media-amazon.com/images/I/71plUzXwQfL.
product-whitin-barefoot.webp,public/images/products/product-whitin-barefoot.webp,/bunions/wide-vs-fashion/,B09MVW4KYZ,whitin-barefoot,WHITIN Barefoot Minimalist Shoes,https://www.amazon.com/dp/B09MVW4KYZ,Amazon Associates / Product Advertising image use — product image from Amazon product detail page for affiliate linking to this ASIN; use only while linking to Amazon; StackSpan Associates tag stackspan-20.,WHITIN barefoot minimalist sneaker,Lightweight barefoot sneaker — check live listing for your size.,1:1,800,800,74848,skipped,compare,"no slot, text only","Asset available but not placed (no slot, text only): ""Wider options"" bare .btn row"
product-asitvo-barefoot.webp,public/images/products/product-asitvo-barefoot.webp,/bunions/wide-vs-fashion/,B0D4PX3W6B,asitvo-barefoot,ASITVO Minimalist Barefoot Cross-Trainer,https://www.amazon.com/dp/B0D4PX3W6B,Amazon Associates / Product Advertising image use — product image from Amazon product detail page for affiliate linking to this ASIN; use only while linking to Amazon; StackSpan Associates tag stackspan-20.,ASITVO minimalist barefoot cross-trainer sneaker,Cross-trainer style barefoot shoe — check live listing for your size.,1:1,800,800,91644,skipped,compare,"no slot, text only","Asset available but not placed (no slot, text only): ""Wider options"" bare .btn row"
product-xero-prio.webp,public/images/products/product-xero-prio.webp,/bunions/wide-vs-fashion/,B0F49KZ6XQ,xero-prio,Xero Shoes Prio,https://www.amazon.com/dp/B0F49KZ6XQ,Amazon Associates / Product Advertising image use — product image from Amazon product detail page for affiliate linking to this ASIN; use only while linking to Amazon; StackSpan Associates tag stackspan-20.,Xero Shoes Prio barefoot training shoe,Classic barefoot training shoe — check live listing for your size.,1:1,800,800,102290,skipped,compare,"no slot, text only","Asset available but not placed (no slot, text only): ""Wider options"" bare .btn row"
product-theraflow.webp,public/images/products/foot-tools/product-theraflow.webp,/bunions/wide-vs-fashion/,B00SMJIYNG,theraflow,TheraFlow Wooden Dual Foot Roller,https://www.amazon.com/dp/B00SMJIYNG,Amazon Associates / Product Advertising image use — product image from Amazon product detail page for affiliate linking to this ASIN; use only while linking to Amazon; StackSpan Associates tag stackspan-20.,"TheraFlow wooden foot roller board, top view",Seated wooden rolling board. Check the live listing for size.,1:1,800,800,34604,skipped,foot-tools,"no slot, text only","Asset available but not placed (no slot, text only): ""Wider options"" bare .btn row"
product-wolf-sandbag-100.webp,public/images/products/sandbags/product-wolf-sandbag-100.webp,/natural-fitness/garage-sandbag-primer/,B0C3SDVHP7,wolf-sandbag-100,WOLF Tactical Soft Sandbag (100 lb),https://www.amazon.com/dp/B0C3SDVHP7,Amazon Associates / Product Advertising image use — product image from Amazon product detail page for affiliate linking to this ASIN; use only while linking to Amazon; StackSpan Associates tag stackspan-20.,"WOLF Tactical soft sandbag, 100 lb","Soft-style bag, sand not included. Check the live listing for fill options.",1:1,800,800,106652,reused,sandbags,.card-media (gear panel),"~100 lb panel; gear table unchanged, row 1"
product-wolf-sandbag-150.webp,public/images/products/sandbags/product-wolf-sandbag-150.webp,/natural-fitness/garage-sandbag-primer/,B0C3SDCX3J,wolf-sandbag-150,WOLF Tactical Soft Sandbag (150 lb),https://www.amazon.com/dp/B0C3SDCX3J,Amazon Associates / Product Advertising image use — product image from Amazon product detail page for affiliate linking to this ASIN; use only while linking to Amazon; StackSpan Associates tag stackspan-20.,"WOLF Tactical soft sandbag, 150 lb","Larger soft-style bag, sand not included. Check the live listing for fill options.",1:1,800,800,99642,new,sandbags,.card-media (gear panel),"~150 lb panel; gear table unchanged, row 2 Downloaded from Amazon image m.media-amazon.com/images/I/91inc-wCtvL."
product-xero-xt-max.webp,public/images/products/product-xero-xt-max.webp,/natural-fitness/garage-sandbag-primer/,B0GL59H2TL,xero-xt-max,Xero Shoes XT Max,https://www.amazon.com/dp/B0GL59H2TL,Amazon Associates / Product Advertising image use — product image from Amazon product detail page for affiliate linking to this ASIN; use only while linking to Amazon; StackSpan Associates tag stackspan-20.,Xero Shoes XT Max barefoot training shoe,Max-cushion barefoot trainer — check live listing for your size.,1:1,800,800,52544,skipped,compare,"no slot, text only","""One shoe that fits the brief"" card: not a gear-shortlist card; pass 2 places only WOLF 100/150 on the primer"
product-pelluva-strand.webp,public/images/products/shoes/product-pelluva-strand.webp,/minimalist-shoes/by-use/,B0F7JXDL2P,pelluva-strand,Peluva Strand ATR Men's 5-Toe Trail Shoe,https://www.amazon.com/dp/B0F7JXDL2P,Amazon Associates / Product Advertising image use — product image from Amazon product detail page for affiliate linking to this ASIN; use only while linking to Amazon; StackSpan Associates tag stackspan-20.,"Peluva Strand ATR five-toe trail shoe, side view",Five-toe trail shoe. Check the live listing and size guide.,1:1,800,800,21966,staged,shoes,held (downloaded; only linked from a text-only button),Downloaded from Amazon image m.media-amazon.com/images/I/61NPAkMggyL. Ready if UX adds a slot.
product-hobibear-leather.webp,public/images/products/shoes/product-hobibear-leather.webp,/minimalist-shoes/by-use/,B0FRMK1M4G,hobibear-leather,HOBIBEAR Leather Barefoot Boot,https://www.amazon.com/dp/B0FRMK1M4G,Amazon Associates / Product Advertising image use — product image from Amazon product detail page for affiliate linking to this ASIN; use only while linking to Amazon; StackSpan Associates tag stackspan-20.,HOBIBEAR black leather barefoot boot,Leather high-top boot. Check the live listing for width and size.,1:1,800,800,20948,staged,shoes,held (downloaded; only linked from a text-only button),Downloaded from Amazon image m.media-amazon.com/images/I/61pW6AnXJBL. Ready if UX adds a slot.
product-bulliant-slipper.webp,public/images/products/shoes/product-bulliant-slipper.webp,/minimalist-shoes/by-use/,B0D797LP6V,bulliant-slipper,BULLIANT Men's Grip Sock Slipper / Water Shoe,https://www.amazon.com/dp/B0D797LP6V,Amazon Associates / Product Advertising image use — product image from Amazon product detail page for affiliate linking to this ASIN; use only while linking to Amazon; StackSpan Associates tag stackspan-20.,"BULLIANT sock-style water shoe, black",Sock-style shoe with a rubber sole. Check the live listing for your size.,1:1,800,800,56356,staged,shoes,held (downloaded; only linked from a text-only button),Downloaded from Amazon image m.media-amazon.com/images/I/71CppLNUdBL. Ready if UX adds a slot.
,,/minimalist-shoes/trail-compare/,,,Xero brand site (x7 links),https://xeroshoes.com/,,,,,,,,skipped,,none,"Brand-site link, not Amazon / not affiliate"
,,/minimalist-shoes/by-use/,,,Cerberus Strength sandbag,(no link),,,,,,,,skipped,,none,Step-up brand mentioned in #sandbag copy; no /go link (sold direct)
,,/minimalist-shoes/by-use/,,,Freedom Strength sandbag,(no link),,,,,,,,skipped,,none,Step-up brand mentioned in #sandbag copy; no /go link (sold direct)
,,/minimalist-shoes/by-use/,,,Rogue sandbag,(no link),,,,,,,,skipped,,none,Step-up brand mentioned in #sandbag copy; no /go link (sold direct)
,,/natural-fitness/garage-sandbag-primer/,,,Cerberus Strength sandbag,(no link),,,,,,,,skipped,,none,Step-up brand; no /go Amazon link
,,/natural-fitness/garage-sandbag-primer/,,,Freedom Strength sandbag,(no link),,,,,,,,skipped,,none,Step-up brand; no /go Amazon link
,,/natural-fitness/garage-sandbag-primer/,,,Rogue sandbag,(no link),,,,,,,,skipped,,none,Step-up brand; no /go Amazon link
,,/minimalist-shoes/beginner/,,,Splay / Whole Animal,(no link),,,,,,,,skipped,,none,Mentioned in lede; no live affiliate path
