slot,page,file,derivatives,dimensions,bytes,source,photo_url,photographer,photographer_url,license,license_checked_date,alt,caption,notes
hero-home,/,public/images/lifestyle/home/home-hero-grass-path-walk.webp,"public/images/lifestyle/home/home-hero-grass-path-walk-400.webp (400x250, 24240 B); public/images/lifestyle/home/home-hero-grass-path-walk-800.webp (800x500, 60324 B); public/images/lifestyle/home/home-hero-grass-path-walk-1200.webp (1200x750, 56356 B)",1600x1000,78996,pexels,https://www.pexels.com/photo/woman-running-down-a-rural-pathway-at-dusk-28759069/,Siarhei Nester,https://www.pexels.com/@siarhei-nester-318033361/,Pexels License (https://www.pexels.com/license/),2026-09-29,A person seen from behind jogging along a grassy two-track path through a green meadow,Get outside and cover some ground most days.,"final pick | source pid P373; crop 6016x3760 at (0,128) of 6016x4016 original"
pillar-shoes,/,public/images/lifestyle/home/home-pillar-shoes-sandals-rock-sunset.webp,"public/images/lifestyle/home/home-pillar-shoes-sandals-rock-sunset-400.webp (400x250, 22126 B)",800x500,57642,unsplash,https://unsplash.com/photos/person-wearing-blue-denim-jeans-and-brown-hiking-sandals-standing-on-gray-rock-tJGtEkLkkIA,Sincerely Media,https://unsplash.com/@sincerelymedia,"Unsplash License (https://unsplash.com/license) - free, not Unsplash+",2026-09-29,Feet in flat brown leather sandals stepping onto a rock among dry brush in warm evening light,"Flat, flexible footwear for everyday walks.","final pick | source pid U1090; crop 5184x3240 at (0,65) of 5184x3456 original | 800 master re-encoded 2026-09-29 at cwebp q81 to meet the 60 KB pick budget (checked at 2x: no visible artifacts)."
pillar-foot-care,/,public/images/lifestyle/home/home-pillar-foot-care-barefoot-rock-step.webp,"public/images/lifestyle/home/home-pillar-foot-care-barefoot-rock-step-400.webp (400x250, 25332 B)",800x500,59750,pexels,https://www.pexels.com/photo/a-woman-stepping-on-a-rock-8981407/,PNW Production,https://www.pexels.com/@pnw-prod/,Pexels License (https://www.pexels.com/license/),2026-09-29,A bare foot stepping onto a smooth granite rock beside darker boulders,Give your feet varied ground to work with.,"final pick | source pid P415; crop 5945x3716 at (0,127) of 5945x3969 original"
pillar-mobility,/,public/images/lifestyle/home/home-pillar-mobility-forward-fold-mat.webp,"public/images/lifestyle/home/home-pillar-mobility-forward-fold-mat-400.webp (400x250, 14318 B)",800x500,31638,pexels,https://www.pexels.com/photo/a-person-touching-the-feet-6193697/,ROMAN ODINTSOV,https://www.pexels.com/@roman-odintsov/,Pexels License (https://www.pexels.com/license/),2026-09-29,Hands reaching down to bare feet on a pale green mat in dappled sunlight,A slow forward fold to start the day.,"final pick | source pid P1661; crop 6720x4200 at (0,140) of 6720x4480 original"
pillar-living,/ (card links to /natural-fitness/),public/images/lifestyle/home/home-pillar-living-dumbbells-grass.webp,"public/images/lifestyle/home/home-pillar-living-dumbbells-grass-400.webp (400x250, 25386 B)",800x500,59040,pexels,https://www.pexels.com/photo/hands-holding-the-dumbbells-on-the-grass-8455748/,Mikhail Nilov,https://www.pexels.com/@mikhail-nilov/,Pexels License (https://www.pexels.com/license/),2026-09-29,"Hands gripping two plate dumbbells resting in long grass, shown from the shins down","Pick heavy things up, outside if you can.","final pick | source pid P1547; crop 6016x3760 at (0,128) of 6016x4016 original | Tiny embossed weight marking ('12KG') on one plate; not a brand, unreadable at card size. Swap to backup if UX wants zero text."
pillar-longevity,/,public/images/lifestyle/home/home-pillar-longevity-couple-autumn-park.webp,"public/images/lifestyle/home/home-pillar-longevity-couple-autumn-park-400.webp (400x250, 25592 B)",800x500,59188,pexels,https://www.pexels.com/photo/back-view-of-a-couple-walking-together-14347362/,Efrem Efre,https://www.pexels.com/@efrem-efre-2786187/,Pexels License (https://www.pexels.com/license/),2026-09-29,An older couple seen from behind walking a leaf-covered park path among autumn trees,"A daily walk, whatever the season.","final pick | source pid P1731; crop 6960x4350 at (0,145) of 6960x4640 original | 800 master re-encoded 2026-09-29 at cwebp q61 to meet the 60 KB pick budget (checked at 2x: no visible artifacts)."
hub-lead-minimalist-shoes,/minimalist-shoes/,public/images/lifestyle/hubs/hub-minimalist-shoes-sandals-forest-floor.webp,"public/images/lifestyle/hubs/hub-minimalist-shoes-sandals-forest-floor-400.webp (400x250, 27906 B); public/images/lifestyle/hubs/hub-minimalist-shoes-sandals-forest-floor-800.webp (800x500, 78230 B); public/images/lifestyle/hubs/hub-minimalist-shoes-sandals-forest-floor-1200.webp (1200x750, 53954 B)",1600x1000,72076,unsplash,https://unsplash.com/photos/person-in-black-sandals-on-leaves-vyf0mrLf7ls,Carl Tronders,https://unsplash.com/@allvar,"Unsplash License (https://unsplash.com/license) - free, not Unsplash+",2026-09-29,Feet in thin black strap sandals standing on a forest floor of dry leaves and twigs,"Thin soles, open toes, real ground.","final pick | source pid U023; crop 5472x3420 at (0,114) of 5472x3648 original | hub lead: insert after .start (natural-fitness has no .start; see PLACEMENT.md), loading=lazy, max-width 720px"
hub-lead-foot-care,/foot-care/,public/images/lifestyle/hubs/hub-foot-care-barefoot-stream-rock.webp,"public/images/lifestyle/hubs/hub-foot-care-barefoot-stream-rock-400.webp (400x250, 24718 B); public/images/lifestyle/hubs/hub-foot-care-barefoot-stream-rock-800.webp (800x500, 58044 B); public/images/lifestyle/hubs/hub-foot-care-barefoot-stream-rock-1200.webp (1200x750, 58156 B)",1600x1000,77866,unsplash,https://unsplash.com/photos/person-standing-on-stone-at-center-of-body-of-water-sobXgw6KfiQ,Jordan Whitt,https://unsplash.com/@jwwhitt,"Unsplash License (https://unsplash.com/license) - free, not Unsplash+",2026-09-29,Bare feet balanced on a rounded stone in a shallow forest stream,Balance on something that is not flat.,"final pick | source pid U234; crop 5941x3713 at (0,76) of 5941x3966 original | hub lead: insert after .start (natural-fitness has no .start; see PLACEMENT.md), loading=lazy, max-width 720px"
hub-lead-natural-fitness,/natural-fitness/,public/images/lifestyle/hubs/hub-natural-fitness-rucking-forest-climb.webp,"public/images/lifestyle/hubs/hub-natural-fitness-rucking-forest-climb-400.webp (400x250, 24982 B); public/images/lifestyle/hubs/hub-natural-fitness-rucking-forest-climb-800.webp (800x500, 60102 B); public/images/lifestyle/hubs/hub-natural-fitness-rucking-forest-climb-1200.webp (1200x750, 57554 B)",1600x1000,76690,pexels,https://www.pexels.com/photo/black-hiker-with-wooden-stick-climbing-up-in-forest-5064927/,Kamaji Ogino,https://www.pexels.com/@kamaji-ogino/,Pexels License (https://www.pexels.com/license/),2026-09-29,A hiker carrying a loaded backpack with a rolled mat climbs a leafy forest slope with a wooden walking stick,Carry a load uphill and take your time.,"final pick | source pid P2079; crop 5640x3525 at (0,475) of 6000x4000 original | hub lead: insert after .start (natural-fitness has no .start; see PLACEMENT.md), loading=lazy, max-width 720px"
hub-lead-mobility,/mobility/,public/images/lifestyle/hubs/hub-mobility-barefoot-green-mat.webp,"public/images/lifestyle/hubs/hub-mobility-barefoot-green-mat-400.webp (400x250, 7668 B); public/images/lifestyle/hubs/hub-mobility-barefoot-green-mat-800.webp (800x500, 18378 B); public/images/lifestyle/hubs/hub-mobility-barefoot-green-mat-1200.webp (1200x750, 37296 B)",1600x1000,60744,unsplash,https://unsplash.com/photos/a-person-standing-on-a-yoga-mat-on-the-floor-G9H5edUL0T8,Junseong Lee,https://unsplash.com/@bearsnap,"Unsplash License (https://unsplash.com/license) - free, not Unsplash+",2026-09-29,Bare feet standing on a sage-green mat on a wooden floor with bands of sunlight,Start mobility from the feet up.,"final pick | source pid U1227; crop 6240x3900 at (0,130) of 6240x4160 original | hub lead: insert after .start (natural-fitness has no .start; see PLACEMENT.md), loading=lazy, max-width 720px"
hub-lead-longevity,/longevity/,public/images/lifestyle/hubs/hub-longevity-country-path-walk.webp,"public/images/lifestyle/hubs/hub-longevity-country-path-walk-400.webp (400x250, 25256 B); public/images/lifestyle/hubs/hub-longevity-country-path-walk-800.webp (800x500, 61380 B); public/images/lifestyle/hubs/hub-longevity-country-path-walk-1200.webp (1200x750, 55280 B)",1600x1000,75532,unsplash,https://unsplash.com/photos/woman-walking-on-path-with-flowers-7BaYZDLzWYs,Clara García,https://unsplash.com/@kara_belle,"Unsplash License (https://unsplash.com/license) - free, not Unsplash+",2026-09-29,"An older woman seen from behind walking a dirt country path beside a stone wall toward the sea, holding a small bunch of flowers",Keep walking the long way round.,"final pick | source pid U1304; crop 6500x4062 at (0,121) of 6500x4305 original | hub lead: insert after .start (natural-fitness has no .start; see PLACEMENT.md), loading=lazy, max-width 720px"
